{"count":1,"self":115.816704,"total":116.41405379999999,"children":{"InitializeActuators":{"count":6,"self":0.0019998999999999998,"total":0.0019998999999999998,"children":null},"InitializeSensors":{"count":6,"self":0.0030006,"total":0.0030006,"children":null},"AgentSendState":{"count":640,"self":0.049030199999999996,"total":0.075361799999999993,"children":{"CollectObservations":{"count":768,"self":0.0029996999999999997,"total":0.0029996999999999997,"children":null},"WriteActionMask":{"count":768,"self":0.0019375,"total":0.0019375,"children":null},"RequestDecision":{"count":768,"self":0.0164211,"total":0.021394399999999997,"children":{"RayPerceptionSensor.Perceive":{"count":768,"self":0.0049733,"total":0.0049733,"children":null}}}}},"DecideAction":{"count":640,"self":0.4939361,"total":0.50199969999999994,"children":{"RayPerceptionSensor.Perceive":{"count":768,"self":0.0080635999999999989,"total":0.0080635999999999989,"children":null}}},"AgentAct":{"count":640,"self":0.013985299999999999,"total":0.013985299999999999,"children":null}},"gauges":{},"metadata":{"timer_format_version":"0.1.0","start_time_seconds":"1660724227","unity_version":"2020.3.34f1","command_line_arguments":"C:\\Program Files\\Unity\\Hub\\Editor\\2020.3.34f1\\Editor\\Unity.exe -projectpath C:\\Unity\\PPOvsPOCA -useHub -hubIPC -cloudEnvironment production -licensingIpc LicenseClient-c_pc -hubSessionId 780b7da0-1df7-11ed-96f2-f7d8efa6ff23","communication_protocol_version":"1.5.0","com.unity.ml-agents_version":"2.0.1","scene_name":"SpeedBall","end_time_seconds":"1660724343"}}